"","LATITUDE","LONGITUDE","ELEVATION","avg_VALUE","avg_LOW","avg_UPP","TYPE","HUM","TEMP","PRED","avg_RES","res_LOW","res_UPP"
"1",48.357951,-115.460526,1082,2.71016966700554,1.38016128540039,4.04017804861069,"hard",59.2302360534668,2.69184637069702,11.2113450050405,-8.50117533803494,-9.83118371964009,-7.1711669564298
"2",49.147373,-115.460526,1064,3.90632374286652,1.69765930175781,6.11498818397522,"hard",66.0431747436523,0.502067804336548,11.9437022231497,-8.03737848028314,-10.2460429213918,-5.82871403917444
"3",50.726219,-115.460526,2165,1.3921125933528,0.845097354054453,1.93912783265114,"hard",74.8804092407227,-2.52429938316345,4.12594281589459,-2.73383022254179,-3.28084546184013,-2.18681498324344
"4",51.12093,-115.460526,2522,2.60959284156561,1.2064206391573,4.01276504397392,"hard",82.5520706176758,-1.80347418785095,7.34830186720576,-4.73870902564015,-6.14188122804847,-3.33553682323184
"5",51.515642,-115.460526,2154,6.48092171251774,3.44778671860695,9.51405670642854,"hard",78.1942367553711,-5.38660383224487,4.03124683178061,2.44967488073713,-0.58346011317366,5.48280987464793
"6",49.147373,-115.065789,1418,2.97440510317684,1.07041293233633,4.87839727401734,"hard",59.6994132995605,2.86905193328857,3.23404445118482,-0.25963934800798,-2.16363151884848,1.64435282283252
"7",49.542085,-115.065789,1687,3.72076706960797,1.3632617726922,6.07827236652374,"hard",67.8161544799805,-0.067390188574791,2.36768095630534,1.35308611330264,-1.00441918361313,3.71059141021841
"8",49.936796,-115.065789,2440,2.24133602380753,0.987810230255126,3.49486181735992,"hard",76.2837142944336,-1.62415289878845,6.6231356622397,-4.38179963843218,-5.63532543198458,-3.12827384487978
"9",50.726219,-115.065789,2361,4.41769828088582,2.72379556670785,6.11160099506378,"hard",82.9638290405273,-3.51827716827393,5.9146290675494,-1.49693078666358,-3.19083350084155,0.196971927514384
"10",51.12093,-115.065789,1319,5.39039212763311,2.65634567737581,8.12443857789041,"hard",77.7315292358398,-1.69454681873322,4.39349692449466,0.99689520313845,-1.73715124711885,3.73094165339575
"11",51.515642,-115.065789,1488,11.1830869495869,5.58972498178482,16.7764489173889,"hard",71.0325622558594,-0.996630072593689,2.98298749938328,8.20009945020359,2.60673748240154,13.7934614180056
"12",51.910353,-115.065789,1338,15.6003804028034,8.43853803873062,22.7622227668762,"hard",69.8782348632812,-1.72648847103119,4.06730858863454,11.5330718141689,4.37122945009608,18.6949141782417
"13",52.305064,-115.065789,1038,20.2671182096004,11.9863959431648,28.5478404760361,"hard",60.9532890319824,1.01431548595428,13.105997136882,7.16112107271848,-1.11960119371714,15.4418433391541
"14",55.462755,-115.065789,572,26.3082454249263,19.1251438230276,33.491347026825,"hard",64.0093231201172,0.207878366112709,62.0989937283609,-35.7907483034346,-42.9738499053333,-28.6076467015359
"15",49.147373,-114.671053,1965,2.9339400291443,0.964144563674931,4.90373549461366,"hard",68.5823745727539,-1.84888434410095,2.67762518215025,0.25631484699405,-1.71348061847531,2.22611031246341
"16",49.542085,-114.671053,1717,5.21923373937607,1.44412786960602,8.99433960914612,"hard",74.5522842407227,-2.24203205108643,2.2659140788918,2.95331966048427,-0.821786209285777,6.72842553025432
"17",49.936796,-114.671053,2053,6.67401053905487,2.59526429176331,10.7527567863464,"hard",77.4943542480469,-2.84636163711548,3.23168884831409,3.44232169074078,-0.636424556550786,7.52106793803234
"18",50.726219,-114.671053,1685,8.06060124273354,4.68787144889939,11.4333310365677,"hard",75.6930618286133,-2.12765216827393,2.37584281135317,5.68475843138037,2.31202863754622,9.05748822521451
"19",51.12093,-114.671053,1315,7.90407714843751,4.27265236377718,11.5355019330978,"hard",70.5171966552734,0.29149654507637,4.46971407460125,3.43436307383626,-0.197061710824077,7.06578785849659
"20",51.515642,-114.671053,1206,12.1247029602528,5.91437779664994,18.3350281238556,"hard",67.2591018676758,0.456820428371429,7.25677480435979,4.86792815589298,-1.34239700770986,11.0782533194958
"21",51.910353,-114.671053,1114,15.775555357337,8.22335652709008,23.3277541875839,"hard",65.6845855712891,0.592115044593811,10.0342009634942,5.74135439384276,-1.81084443640417,13.2935532240897
"22",52.305064,-114.671053,973,17.9275023952127,9.44068391621113,26.4143208742142,"hard",63.8074798583984,1.44347405433655,16.6644533061783,1.26304908903435,-7.22376938996718,9.74986756803587
"23",52.699776,-114.671053,1007,20.7019023742061,12.7218149214983,28.6819898269139,"hard",59.8588447570801,1.71764397621155,14.6762978305243,6.02560454368183,-1.95448290902598,14.0056919963896
"24",55.462755,-114.671053,860,27.9289809852838,20.2945249378681,35.5634370326996,"hard",61.9577560424805,-1.65275800228119,25.6243371633137,2.30464382197014,-5.3298122254456,9.93909986938587
"25",45.594971,-114.276316,1958,10.8949158553034,6.00379097536206,15.7860407352448,"hard",86.3919677734375,-0.811774969100952,2.6408112119403,8.25410464336311,3.36297976342176,13.1452295233045
"26",47.568528,-114.276316,892,4.02154273539782,2.09395702183246,5.94912844896317,"hard",68.1841278076172,4.36978435516357,22.7485656412565,-18.7270229058587,-20.6546086194241,-16.7994371922934
"27",47.963239,-114.276316,1493,2.59576196223498,1.51227823197842,3.67924569249153,"hard",68.9348831176758,1.76317620277405,2.97432980785539,-0.378567845620409,-1.46205157587697,0.704915884636149
"28",48.357951,-114.276316,934,4.01949422676116,2.29606391824782,5.7429245352745,"hard",65.8967056274414,3.51980876922607,19.3392643907898,-15.3197701640287,-17.043200472542,-13.5963398555153
"29",48.752662,-114.276316,1072,2.25102364495397,1.01502723246813,3.4870200574398,"hard",72.6506500244141,0.36827877163887,11.6113816435098,-9.36035799855585,-10.5963544110417,-8.12436158607001
"30",49.542085,-114.276316,1254,3.82003100365402,0.596898183226594,7.04316382408144,"hard",73.2491836547852,-0.0714998915791512,5.96314248295927,-2.14311147930526,-5.36624429973268,1.08002134112217
"31",49.936796,-114.276316,1607,8.11083016395569,2.46026043891907,13.7613998889923,"hard",74.4608612060547,-0.939623236656189,2.76847396825696,5.34235619569873,-0.308213529337891,10.9929259207354
"32",50.331507,-114.276316,1298,6.42495996840298,2.43557833209634,10.4143416047096,"hard",70.9735565185547,0.120231881737709,4.82483426949541,1.60012569890757,-2.38925593739907,5.58950733521421
"33",50.726219,-114.276316,1245,8.52128832638265,4.23877995610239,12.8037966966629,"hard",62.8309936523438,1.17260003089905,6.20561517785223,2.31567314853043,-1.96683522174984,6.5981815188107
"34",51.12093,-114.276316,1143,7.66950324177741,4.09043364524841,11.2485728383064,"hard",62.3255805969238,1.62035393714905,9.08099722283015,-1.41149398105274,-4.99056357758174,2.16757561547627
"35",51.515642,-114.276316,1134,11.5690233051777,6.03246719837189,17.1055794119835,"hard",65.4183731079102,1.23534417152405,9.36689767906104,2.20212562611666,-3.33443048068914,7.73868173292246
"36",51.910353,-114.276316,985,14.8129965830594,7.80914626792073,21.8168468981981,"hard",66.3494415283203,1.51289141178131,15.9285433836289,-1.11554680056944,-8.11939711570814,5.88830351456926
"37",46.779105,-113.881579,1809,3.11230959296227,1.66929210424423,4.5553270816803,"hard",84.6686782836914,0.538159966468811,2.17874882330817,0.9335607696541,-0.509456719063934,2.37657825837213
"38",47.173816,-113.881579,2057,1.90854440722615,1.18109623976052,2.63599257469177,"hard",80.9414291381836,-0.892829656600952,3.26045511617989,-1.35191070895375,-2.07935887641938,-0.624462541488122
"39",47.568528,-113.881579,1835,6.55763364266604,3.74982963465154,9.36543765068054,"hard",78.3168334960938,0.106844834983349,2.21016627069942,4.34746737196662,1.53966336395212,7.15527137998112
"40",47.963239,-113.881579,1196,5.91093853414058,3.60231378674507,8.2195632815361,"hard",72.6039733886719,1.60383379459381,7.53138657916965,-1.62044804502907,-3.92907279242458,0.688176702366446
"41",48.357951,-113.881579,1226,1.33812220096588,0.782653334736823,1.89359106719494,"hard",68.286491394043,0.958976984024048,6.71576865878906,-5.37764645782318,-5.93311532405224,-4.82217759159412
"42",48.752662,-113.881579,1673,3.1317039873451,1.13434804007411,5.12905993461609,"hard",75.7795944213867,-0.906786322593689,2.4285179917181,0.703185995627005,-1.29416995164398,2.70054194289799
"43",49.936796,-113.881579,1318,4.74445807337761,0.874868905544283,8.61404724121094,"hard",62.725269317627,0.995760858058929,4.41229709957083,0.332160973806783,-3.53742819402654,4.20175014164011
"44",50.331507,-113.881579,1072,5.19053644239903,1.66366382241249,8.71740906238557,"hard",59.3134803771973,1.69615960121155,11.6113816435098,-6.42084520111079,-9.94771782109732,-2.89397258112425
"45",50.726219,-113.881579,1029,6.87278212308884,2.89705624580383,10.8485080003738,"hard",57.2098045349121,2.45714592933655,13.5400070256319,-6.66722490254309,-10.6429507798281,-2.69149902525809
"46",51.12093,-113.881579,1074,7.72211467027664,3.85899441242218,11.5852349281311,"hard",58.9815216064453,2.10448479652405,11.5300365842941,-3.8079219140175,-7.67104217187196,0.0551983438369632
"47",45.20026,-113.486842,2354,9.14993658661843,5.42413874864579,12.8757344245911,"hard",84.0590133666992,-0.930427312850952,5.85060542684279,3.29933115977564,-0.426466678197005,7.02512899774828
"48",45.594971,-113.486842,1857,8.44775505363941,4.53445182442665,12.3610582828522,"hard",86.7390670776367,0.509676873683929,2.25427527072617,6.19347978291324,2.28017655370048,10.106783012126
"49",46.384394,-113.486842,1633,4.06300550103187,1.74513716697693,6.38087383508682,"hard",90.3764724731445,-0.405199438333511,2.64844295158298,1.41456254944889,-0.903305784606054,3.73243088350383
"50",46.779105,-113.486842,1606,4.586419409886,2.26706568077207,6.90577313899993,"hard",86.5469970703125,0.661410272121429,2.77213912626269,1.81428028362331,-0.505073445490626,4.13363401273724
"51",47.173816,-113.486842,1225,8.47819822728634,5.19870244860649,11.7576940059662,"hard",85.7110366821289,0.853630304336548,6.74265505280579,1.73554317448055,-1.5439526041993,5.0150389531604
"52",47.568528,-113.486842,1379,7.64903839156031,4.57944224923849,10.7186345338821,"hard",85.1937866210938,-0.629076361656189,3.54407721871291,4.10496117284741,1.03536503052558,7.17455731516923
"53",47.963239,-113.486842,1266,12.1319713630714,7.17479754257947,17.0891451835632,"hard",80.5570373535156,0.29601314663887,5.63726271423041,6.49470864884094,1.53753482834906,11.4518824693328
"54",48.357951,-113.486842,1953,5.57254900038242,3.07008670568467,8.07501129508018,"hard",80.2831878662109,-0.878913640975952,2.6152422315614,2.95730676882103,0.454844474123267,5.45976906351878
"55",50.331507,-113.486842,991,2.41707003414633,0.564058583974852,4.27008148431781,"hard",54.1396980285645,2.97793865203857,15.5748846222691,-13.1578145881228,-15.0108260382943,-11.3048031379513
"56",50.726219,-113.486842,1042,4.8044305279851,2.03400329053402,7.57485776543618,"hard",55.1528053283691,2.72643303871155,12.9185330275364,-8.11410249955128,-10.8845297370024,-5.3436752621002
"57",45.594971,-113.092105,2035,14.3872870326042,7.94174239635468,20.8328316688538,"hard",85.8408889770508,-1.33374762535095,3.10576326789572,11.2815237647085,4.83597912845895,17.727068400958
"58",45.989682,-113.092105,1991,4.36260463371873,2.30391934663057,6.42128992080688,"hard",88.5833435058594,-1.12838470935822,2.82436493924938,1.53823969446935,-0.520445592618806,3.5969249815575
"59",46.384394,-113.092105,2493,4.49989233016968,1.67517557144165,7.32460908889771,"hard",89.2279891967773,-2.30314874649048,7.09144238125787,-2.59155005108819,-5.41626680981621,0.233166707639842
"60",46.779105,-113.092105,1452,6.64052784368396,3.30088007301092,9.980175614357,"hard",88.4098129272461,0.502678155899048,3.07509622663081,3.56543161705315,0.225783846380108,6.90507938772619
"61",47.173816,-113.092105,2039,10.7010731875896,6.44786118268966,14.9542851924896,"hard",86.8495407104492,0.393262475728989,3.13323652884351,7.56783665874613,3.31462465384616,11.8210486636461
"62",47.568528,-113.092105,1976,9.67309140563011,5.64618915319443,13.6999936580658,"hard",88.5139389038086,-0.511075079441071,2.73781940750506,6.93527199812505,2.90836974568937,10.9621742505607
"63",47.963239,-113.092105,2228,16.4199716344476,9.47248211205005,23.3674611568451,"hard",86.6406555175781,-1.54273200035095,4.68735505753201,11.7326165769156,4.78512705451804,18.6801060993131
"64",48.357951,-113.092105,1637,7.49056362509728,3.83725689649583,11.1438703536987,"hard",84.2763290405273,-1.41187262535095,2.62524902280477,4.8653146022925,1.21200787369105,8.51862133089395
"65",45.594971,-112.697368,1622,13.6443573310971,7.24475261271,20.0439620494843,"hard",85.7974853515625,1.31554436683655,2.70539372630726,10.9389636047899,4.53935888640274,17.338568323177
"66",45.989682,-112.697368,1634,4.02339848438278,2.13270027954132,5.91409668922424,"hard",88.2632598876953,1.05020415782928,2.64277352707162,1.38062495731116,-0.510073247530307,3.27132316215262
"67",46.384394,-112.697368,1460,4.80725267253874,1.57453827194986,8.03996707312762,"hard",90.562614440918,0.999463677406311,3.04911743759777,1.75813523494097,-1.47457916564791,4.99084963552985
"68",46.779105,-112.697368,1525,3.88343455418945,1.92354737967253,5.84332172870637,"hard",89.1376647949219,0.107251740992069,2.93120781519316,0.952226738996287,-1.00766043552063,2.91211391351321
"69",47.173816,-112.697368,1961,10.195228677988,5.58257290124893,14.8078844547272,"hard",91.3960266113281,-0.963182806968689,2.65644443306468,7.53878424492337,2.92612846818425,12.1514400216625
"70",47.568528,-112.697368,2029,9.46666773557663,5.06196343898773,13.8713720321655,"hard",91.4265823364258,0.0594001784920692,3.06511723848286,6.40155049709377,1.99684620050488,10.8062547936827
"71",47.963239,-112.697368,1959,10.1186578124762,5.55838443636894,14.6789311885834,"hard",87.6038208007812,-1.38391852378845,2.64599810972106,7.47265970275509,2.91238632664788,12.0329330788623
"72",48.357951,-112.697368,1274,7.93199723660946,3.55881142020226,12.3051830530167,"hard",75.1166229248047,1.52871978282928,5.41811038979404,2.51388684681541,-1.85929896959179,6.88707266322261
"73",44.805548,-112.302632,2334,14.1337074205978,9.69073808281683,18.5766767583787,"hard",82.5963821411133,1.19148027896881,5.66664752285687,8.46705989774092,4.02409055995996,12.9100292355219
"74",45.594971,-112.302632,1433,8.76408883773256,4.28053372860887,13.2476439468563,"hard",83.8541793823242,2.72968816757202,3.15320056859382,5.61088826913874,1.12733316001504,10.0944433782624
"75",46.779105,-112.302632,1636,2.9310589671135,1.16085567474365,4.70126225948334,"hard",90.5040740966797,0.958854913711548,2.63117736766179,0.299881599451703,-1.47032169291814,2.07008489182155
"76",47.963239,-112.302632,1202,3.95507628023624,1.39937655925751,6.51077600121498,"hard",84.1214141845703,2.19477605819702,7.36619014405453,-3.41111386381829,-5.96681358479703,-0.855414142839558
"77",48.357951,-112.302632,1147,3.92313493089751,1.33264761958271,6.5136222422123,"hard",70.738639831543,2.74274969100952,8.95649660915021,-5.0333616782527,-7.6238489895675,-2.44287436693791
"78",44.805548,-111.907895,2520,16.1138620376587,11.5000274658203,20.7276966094971,"hard",77.5904006958008,1.00552642345428,7.33053965274769,8.78332238491101,4.16948781307262,13.3971569567494
"79",44.805548,-111.513158,1918,24.092073994875,17.3594729065895,30.8246750831604,"hard",72.362907409668,2.98607659339905,2.45400274952638,21.6380712453486,14.9054701570631,28.370672333634
"80",45.20026,-111.513158,2480,5.28952450659126,3.50066675953567,7.07838225364685,"hard",78.3749694824219,1.70368731021881,6.97661070295408,-1.68708619636281,-3.47594394341841,0.101771550692777
"81",44.805548,-111.118421,2078,20.244712921977,14.6288885056972,25.8605373382568,"hard",72.1045837402344,2.89391350746155,3.41587824611808,16.828834675859,11.2130102595792,22.4446590921388
"82",45.20026,-111.118421,2664,4.6681560382247,3.16296240985394,6.17334966659546,"hard",73.3459854125977,3.35879802703857,8.65484414980058,-3.98668811157588,-5.49188173994664,-2.48149448320512
"83",45.20026,-110.723684,2426,3.98909419104457,2.71938576549292,5.25880261659623,"hard",69.7093505859375,3.87035393714905,6.49897104048066,-2.50987684943609,-3.77958527498774,-1.24016842388443
"84",45.20026,-110.328947,2912,6.93625885546207,4.54446981549263,9.32804789543151,"hard",72.788459777832,1.39387285709381,11.447976916785,-4.5117180613229,-6.90350710129233,-2.11992902135346
"85",45.20026,-109.934211,3110,7.59890108987455,4.71282016604672,10.4849820137024,"hard",73.6411895751953,0.506503045558929,14.5507561274308,-6.95185503755628,-9.83793596138411,-4.06577411372845
"86",55.068044,-109.934211,686,34.4117756843567,25.5705428123474,43.253008556366,"hard",53.1832275390625,1.16519439220428,43.6304016293876,-9.21862594503092,-18.0598588170402,-0.377393073021651
"87",55.068044,-109.539474,605,28.1254668474197,21.3859661102295,34.86496758461,"hard",55.6216621398926,1.11302971839905,54.7174650107867,-26.5919981633669,-33.3314989005572,-19.8524974261767
"88",56.252178,-115.855263,677,42.5846416115761,31.6569635629654,53.5123196601867,"soft",61.9680023193359,-0.554450750350952,44.7535373050343,-2.16889569345829,-13.096573742069,8.75878235515239
"89",56.646889,-115.855263,686,46.5481587290764,35.5517404317856,57.5445770263672,"soft",67.1641159057617,-1.24744391441345,43.6304016293876,2.91775709968878,-8.07866119760203,13.9141753969796
"90",55.462755,-115.460526,572,31.0885879971087,22.6968165352941,39.4803594589233,"soft",64.126350402832,0.42614009976387,62.0989937283609,-31.0104057312522,-39.4021771930668,-22.6186342694375
"91",55.857467,-115.460526,636,39.389991773665,28.4214051514864,50.3585783958435,"soft",65.7560882568359,-0.838182806968689,49.9895511454727,-10.5995593718078,-21.5681459939863,0.369027250370792
"92",56.252178,-115.460526,629,45.0048986792564,33.5639784574509,56.445818901062,"soft",59.9886131286621,-0.240485891699791,50.8666935349066,-5.86179485565015,-17.3027150774557,5.57912536615542
"93",56.646889,-115.460526,527,49.2405289411545,38.0123346805572,60.4687232017517,"soft",65.902229309082,-0.29651615023613,73.2429960969303,-24.0024671557758,-35.230661416373,-12.7742728951786
"94",57.041601,-115.460526,543,55.7028736829758,44.1232488155365,67.282498550415,"soft",58.0232887268066,0.209831491112709,69.3049217619815,-13.6020480790057,-25.181672946445,-2.02242321156648
"95",55.068044,-115.065789,1062,30.4520462304354,20.856693893671,40.0473985671997,"soft",49.918628692627,-1.90426361560822,12.0285594012819,18.4234868291534,8.82813449238911,28.0188391659178
"96",55.857467,-115.065789,648,40.7610750671476,29.706659411639,51.8154907226562,"soft",61.5461502075195,-0.318407446146011,48.4619046781251,-7.70082961097746,-18.7552452664861,3.35358604453116
"97",56.252178,-115.065789,606,46.7414316292852,35.0346185915172,58.4482446670532,"soft",59.8225326538086,-0.172574102878571,54.5250578456583,-7.78362621637305,-19.490439254141,3.92318682139495
"98",56.646889,-115.065789,618,50.9821180939675,39.6480216264725,62.3162145614624,"soft",64.8672332763672,-0.36426517367363,52.418891232589,-1.43677313862152,-12.7708696061165,9.89732332887345
"99",54.673332,-114.671053,742,36.7612563669681,27.6448138713837,45.8776988625526,"soft",44.7488632202148,1.27485430240631,37.4023867708692,-0.641130403901073,-9.75757289948555,8.4753120916834
"100",55.068044,-114.671053,780,32.955932700634,23.3134636640549,42.5984017372132,"soft",51.5639457702637,-1.14234137535095,33.4699138264057,-0.513981125771686,-10.1564501623508,9.12848791080746
"101",55.857467,-114.671053,649,41.7062628578395,30.8949853561819,52.5175403594971,"soft",58.6754493713379,-0.809292852878571,48.3337280125385,-6.62746515469906,-17.4387426563567,4.18381234695855
"102",56.252178,-114.671053,623,47.9467826128006,36.0805863857269,59.8129788398742,"soft",61.1625022888184,-0.307950079441071,51.6644041949585,-3.71762158215786,-15.5838178092315,8.14857464491579
"103",56.646889,-114.671053,687,52.2651149272918,40.6015278816223,63.9287019729613,"soft",66.3016586303711,-0.877123236656189,43.5071609994901,8.75795392780169,-2.90563311786784,20.4215409734712
"104",57.041601,-114.671053,578,56.3579771727324,45.1170090258121,67.5989453196526,"soft",60.177661895752,-0.0269849132746458,60.6453122483501,-4.28733507561774,-15.528303222538,6.95363307130247
"105",57.436312,-114.671053,538,63.3523680329323,52.1700342893601,74.5347017765045,"soft",52.2818984985352,0.38610103726387,70.5213206098883,-7.16895257695603,-18.3512863205283,4.0133811666162
"106",55.068044,-114.276316,598,34.6618207752704,25.2415734887123,44.0820680618286,"soft",49.6277618408203,0.32775142788887,56.1278434269192,-21.4660226516487,-30.8862699382069,-12.0457753650906
"107",55.462755,-114.276316,703,35.2728727221489,25.8921361684799,44.6536092758178,"soft",58.1277275085449,-1.72644782066345,41.5909718267203,-6.31809910457138,-15.6988356582403,3.06263744909758
"108",55.857467,-114.276316,611,42.8624524235725,32.2264867067337,53.4984181404114,"soft",55.716423034668,-0.603360235691071,53.6002734898689,-10.7378210662964,-21.3737867831352,-0.101855349457544
"109",56.252178,-114.276316,609,48.8322337418795,36.93611779809,60.7283496856689,"soft",60.6856727600098,-0.441698461771011,53.9625388783188,-5.1303051364393,-17.0264210802288,6.76581080735016
"110",56.646889,-114.276316,747,52.8498330116272,40.8611446380615,64.8385213851928,"soft",67.099723815918,-1.23336517810822,36.8807792933386,15.9690537182885,3.98036534472288,27.9577420918542
"111",57.041601,-114.276316,620,56.5842839717865,45.1429431438446,68.0256247997283,"soft",63.3792343139648,-0.42395755648613,52.1077150395868,4.4765689321997,-6.96477189574216,15.9179097601416
"112",57.436312,-114.276316,580,61.8079306185245,50.7701504349708,72.8457108020782,"soft",55.5873222351074,0.256869256496429,60.1684715320212,1.63945908650331,-9.39832109705039,12.677239270057
"113",55.068044,-113.881579,632,36.4706838548183,27.3236722111702,45.6176954984665,"soft",50.0478134155273,0.104851022362709,50.492402045799,-14.0217181909806,-23.1687298346288,-4.87470654733245
"114",55.462755,-113.881579,730,40.3311228692532,30.0805567622185,50.5816889762878,"soft",55.2011871337891,-1.37895429134369,38.6575504281594,1.67357244109373,-8.57699366594096,11.9241385481284
"115",55.857467,-113.881579,564,43.9911763563286,33.3226767330431,54.6596759796142,"soft",55.5414009094238,-0.410000860691071,64.0764856685801,-20.0853093122515,-30.7538089355371,-9.41680968896593
"116",56.252178,-113.881579,544,49.0506914973259,37.2381044149399,60.863278579712,"soft",59.7466621398926,-0.544359564781189,69.0593378365258,-20.0086463391999,-31.8212334215859,-8.19605925681382
"117",56.646889,-113.881579,659,52.1022648572922,40.1865575313568,64.0179721832276,"soft",63.4387702941895,-0.48133060336113,47.0493844852004,5.05288037209181,-6.86282695384355,16.9685876980272
"118",57.041601,-113.881579,611,56.2250504493713,44.4143098831177,68.035791015625,"soft",64.2513580322266,-0.750658392906189,53.6002734898689,2.62477695950243,-9.18596360675123,14.4355175257561
"119",57.436312,-113.881579,737,61.8942215919495,50.4864080429077,73.3020351409912,"soft",60.6378707885742,-1.20121991634369,37.9248682391888,23.9693533527606,12.5615398037189,35.3771669018024
"120",54.673332,-113.486842,620,39.3128155723214,30.3828635215759,48.2427676230669,"soft",46.5990905761719,1.16596758365631,52.1077150395868,-12.7948994672654,-21.7248515180108,-3.8649474165199
"121",55.068044,-113.486842,611,38.2700766503811,29.2100906968117,47.3300626039505,"soft",54.7949905395508,-0.340868383646011,53.6002734898689,-15.3301968394878,-24.3901827930572,-6.27021088591837
"122",55.462755,-113.486842,711,42.0486392974853,31.9101761341095,52.1871024608611,"soft",54.8270225524902,-0.40772220492363,40.6812897628045,1.36734953468081,-8.77111362869502,11.5058126980566
"123",55.857467,-113.486842,573,45.0558068197686,34.4445342862047,55.6670793533325,"soft",54.1829223632812,0.175204217433929,61.8545898887248,-16.7987830689562,-27.41005560252,-6.18751053539228
"124",56.252178,-113.486842,602,48.8174034416676,37.111527121067,60.523279762268,"soft",56.4380035400391,-0.451464086771011,55.3086958245841,-6.49129238291653,-18.197168703517,5.21458393768397
"125",56.646889,-113.486842,524,50.1748547434807,38.6072077512741,61.7425017356873,"soft",58.0083160400391,-0.118944548070431,74.0165085691938,-23.8416538257131,-35.4093008179197,-12.2740068335065
"126",57.041601,-113.486842,622,55.2162628412247,43.1285265445709,67.3039991378784,"soft",61.8800849914551,-1.25765717029572,51.8089813305528,3.40728151067191,-8.68045478598184,15.4950178073257
"127",57.436312,-113.486842,776,61.9496904611587,49.9913918018341,73.9079891204833,"soft",63.3709411621094,-1.84127533435822,33.8796970608274,28.0699934003313,16.1116947410067,40.0282920596559
"128",57.831023,-113.486842,568,70.6196078300476,58.5012964248658,82.7379192352294,"soft",59.5875129699707,-1.42941009998322,63.0834529596482,7.53615487039941,-4.58215653478238,19.6544662755812
"129",54.673332,-113.092105,574,41.7403035774827,32.9240281701088,50.5565789848566,"soft",49.0348701477051,1.05964434146881,61.6109694663106,-19.8706658888279,-28.6869412962018,-11.054390481454
"130",55.068044,-113.092105,651,41.4889589622617,32.0173493534326,50.9605685710907,"soft",53.3905067443848,-0.139940649271011,48.077142900025,-6.58818393776335,-16.0597935465924,2.88342567106569
"131",55.462755,-113.092105,679,43.5262708902359,33.4165485858917,53.63599319458,"soft",52.0879936218262,-0.312832891941071,44.5019913448696,-0.975720454633688,-11.0854427589778,9.13400184971047
"132",55.857467,-113.092105,559,46.2513541862368,35.481229814887,57.0214785575866,"soft",53.4981002807617,0.489779412746429,65.3250052977343,-19.0736511114974,-29.8437754828472,-8.30352674014763
"133",56.252178,-113.092105,627,48.4798870936036,36.706921556592,60.2528526306153,"soft",54.2503623962402,0.103386178612709,51.119182461455,-2.63929536785137,-14.412260904863,9.13367016916026
"134",56.646889,-113.092105,515,47.49404078722,36.4942137002945,58.4938678741455,"soft",55.3888053894043,0.0788093581795692,76.3890457576335,-28.8950049704135,-39.894832057339,-17.895177883488
"135",57.041601,-113.092105,527,52.8826024949551,40.904952609539,64.8602523803711,"soft",62.4511032104492,-0.848965704441071,73.2429960969303,-20.3603936019752,-32.3380434873912,-8.38274371655919
"136",57.436312,-113.092105,708,60.8325128316879,48.5582082271576,73.1068174362183,"soft",64.4982452392578,-2.26127862930298,41.0180396462652,19.8144731854228,7.54016858089244,32.0887777899531
"137",57.831023,-113.092105,713,69.4917456865311,57.1560917377472,81.8273996353149,"soft",59.6142501831055,-2.39278888702393,40.4599004856581,29.031845200873,16.6961912520891,41.3674991496568
"138",55.068044,-112.697368,559,44.8814198613167,34.6068482637405,55.1559914588929,"soft",50.4965476989746,1.02241289615631,65.3250052977343,-20.4435854364175,-30.7181570339937,-10.1690138388414
"139",55.462755,-112.697368,584,44.8438772490248,34.4821432691067,55.2056112289429,"soft",50.9756851196289,0.985303521156311,59.2287464836193,-14.3848692345945,-24.7466032145126,-4.02313525467639
"140",55.857467,-112.697368,546,46.633157145977,35.707040810585,57.559273481369,"soft",50.6174621582031,0.830925226211548,68.5662619495306,-21.9331048035536,-32.8592211389456,-11.0069884681616
"141",56.252178,-112.697368,533,47.7935893908143,36.1758033543825,59.4113754272461,"soft",52.3596687316895,0.452832788228989,71.7338494850761,-23.9402600942618,-35.5580461306936,-12.32247405783
"142",57.041601,-112.697368,504,49.3939000144601,37.8707317382097,60.9170682907105,"soft",61.8406181335449,-1.03447186946869,79.3329025340528,-29.9390025195927,-41.4621707958431,-18.4158342433424
"143",57.436312,-112.697368,763,58.2595258533954,46.1660834908485,70.3529682159423,"soft",61.2511901855469,-2.10352301597595,35.2191002189339,23.0404256344615,10.9469832719146,35.1338679970084
"144",57.831023,-112.697368,696,68.1991434812546,55.7147918224335,80.6834951400758,"soft",60.2269325256348,-2.31161212921143,42.4152152174415,25.7839282638131,13.299576604992,38.2682799226343
"145",47.173816,-112.302632,1352,9.49073045253754,4.31222937107086,14.6692315340042,"soft",92.0418930053711,0.876742303371429,3.86255955187413,5.62817090066341,0.449669819196736,10.8066719821301
"146",47.568528,-112.302632,1319,5.89489913582802,2.24980739355087,9.53999087810517,"soft",90.1273956298828,2.26602458953857,4.39349692449466,1.50140221133336,-2.14368953094379,5.14649395361051
"147",54.673332,-112.302632,584,39.4895705252886,30.960394179821,48.0187468707561,"soft",51.8766326904297,0.970980584621429,59.2287464836193,-19.7391759583307,-28.2683523037983,-11.2099996128632
"148",55.068044,-112.302632,573,45.6980581283569,34.9072228431702,56.4888934135437,"soft",53.2145385742188,0.901807427406311,61.8545898887248,-16.1565317603678,-26.9473670455546,-5.36569647518107
"149",55.462755,-112.302632,700,45.6476524487138,34.8523344308138,56.4429704666138,"soft",47.5895919799805,1.12230706214905,41.9412388238752,3.70641362483855,-7.08890439306143,14.5017316427385
"150",55.857467,-112.302632,622,47.1707904517651,36.1523154258728,58.1892654776573,"soft",49.3744850158691,0.579663872718811,51.8089813305528,-4.6381908787877,-15.65666590468,6.38028414710457
"151",56.252178,-112.302632,551,46.6555139724165,35.6372292645275,57.6737986803055,"soft",51.4138412475586,0.423902124166489,67.3247527203332,-20.6692387479167,-31.6875234558057,-9.65095404002771
"152",57.436312,-112.302632,789,55.0309857040644,43.4873746216297,66.5745967864991,"soft",61.7869491577148,-2.53146076202393,32.5524833566263,22.4785023474381,10.9348912650035,34.0221134298728
"153",57.831023,-112.302632,728,66.3104184031486,53.8080024480819,78.8128343582154,"soft",58.3517875671387,-1.48076093196869,38.8671011695837,27.4433172335649,14.9409012784982,39.9457331886316
"154",47.173816,-111.907895,1444,7.01868238300085,2.48773994147777,11.5496248245239,"soft",91.5030364990234,2.37983465194702,3.10497929886168,3.91370308413917,-0.61723935738391,8.44464552566224
"155",54.673332,-111.907895,582,36.31596557796,27.9038803517818,44.7280508041382,"soft",52.4485473632812,1.06835198402405,59.6961509038474,-23.3801853258874,-31.7922705520655,-14.9681000997092
"156",55.068044,-111.907895,575,43.5977599183098,32.8305152971298,54.3650045394898,"soft",52.274299621582,1.06570708751678,61.3681819760922,-17.7704220577824,-28.5376666789625,-7.00317743660242
"157",55.462755,-111.907895,689,45.8519985437393,34.778719329834,56.9252777576447,"soft",47.6330795288086,0.845085382461548,43.2617479105384,2.5902506332009,-8.48302858070446,13.6635298471062
"158",55.857467,-111.907895,687,47.7007398530841,36.6623058795929,58.7391738265752,"soft",48.6879005432129,0.508456170558929,43.5071609994901,4.19357885359393,-6.84485511989724,15.2320128270851
"159",56.252178,-111.907895,547,46.5974734185729,35.9172020968981,57.2777447402477,"soft",50.7951431274414,0.277173608541489,68.3188690179388,-21.7213955993659,-32.4016669210407,-11.0411242776911
"160",57.831023,-111.907895,769,64.9909847438335,52.4669432044029,77.5150262832641,"soft",57.0168685913086,-1.29024994373322,34.5995525219756,30.391432221858,17.8673906824273,42.9154737612886
"161",47.173816,-111.513158,1209,5.76729817101732,1.72480335552245,9.80979298651218,"soft",93.2481384277344,2.32152581214905,7.17504128322617,-1.40774311220885,-5.45023792770371,2.63475170328601
"162",53.88391,-111.513158,623,24.3405910968781,16.1406916618347,32.5404905319214,"soft",57.2145576477051,0.27733638882637,51.6644041949585,-27.3238130980804,-35.5237125331237,-19.1239136630371
"163",54.278621,-111.513158,656,30.0409271184355,22.2805416047573,37.8013126321137,"soft",52.4533042907715,0.245516717433929,47.4348602050909,-17.3939330866554,-25.1543186003335,-9.63354757297716
"164",54.673332,-111.513158,630,35.0435866516084,26.2475569568575,43.8396163463593,"soft",53.5852432250977,0.873120903968811,50.7422236243481,-15.6986369727398,-24.4946666674907,-6.90260727798888
"165",55.068044,-111.513158,638,41.7179363377392,30.8014305368066,52.6344421386719,"soft",51.6069984436035,0.891553521156311,49.7367042731249,-8.01876793538569,-18.9352737363183,2.89773786554696
"166",55.462755,-111.513158,694,45.7073813080788,34.5700989484787,56.8446636676789,"soft",48.5595932006836,1.07278716564178,42.6549783289137,3.05240297916511,-8.08487938043497,14.1896853387652
"167",55.857467,-111.513158,671,48.8131416916847,37.6037844181061,60.0224989652634,"soft",48.5808372497559,0.694125115871429,45.5135276872622,3.29961400442254,-7.9097432691561,14.5089712780012
"168",53.88391,-111.118421,614,24.9382907850202,17.0053071562667,32.8712744137738,"soft",59.1887741088867,-0.510668158531189,53.0769865913355,-28.1386958063152,-36.0716794350688,-20.2057121775616
"169",54.278621,-111.118421,574,29.6705855667591,21.4380883812904,37.9030827522278,"soft",48.6161918640137,1.37861406803131,61.6109694663106,-31.9403838995515,-40.1728810850202,-23.7078867140828
"170",54.673332,-111.118421,686,34.9394111084985,25.6814774847124,44.1973447322846,"soft",51.6066436767578,0.880323052406311,43.6304016293876,-8.69099052088915,-17.9489241446752,0.566943102896943
"171",55.068044,-111.118421,630,40.9655519530177,29.9650498479605,51.966054058075,"soft",47.5024757385254,1.23615801334381,50.7422236243481,-9.7766716713304,-20.7771737763877,1.22383043372685
"172",55.462755,-111.118421,690,46.0827083826065,34.9511085033417,57.2143082618714,"soft",46.8159408569336,1.11278557777405,43.1395982576629,2.94311012494365,-8.18848975432121,14.0747100042085
"173",55.857467,-111.118421,579,50.3449065446854,38.9375277519226,61.7522853374482,"soft",47.7838935852051,1.29475176334381,60.4063516366532,-10.0614450919678,-21.4688238847306,1.34593370079502
"174",54.278621,-110.723684,548,29.4153090551496,20.9298237234354,37.9007943868637,"soft",53.5092964172363,1.09972405433655,68.0709721142494,-38.6556630590998,-47.141148390814,-30.1701777273857
"175",54.673332,-110.723684,642,33.7011702120304,24.4262940526009,42.97604637146,"soft",52.3240280151367,0.639803826808929,49.2286238076332,-15.5274535956028,-24.8023297550323,-6.25257743617324
"176",55.068044,-110.723684,670,41.5656179189682,30.3545392513275,52.7766965866088,"soft",47.0592651367188,1.30622637271881,45.6408535916983,-4.07523567273014,-15.2863143403708,7.13584299491052
"177",55.462755,-110.723684,652,47.2731408715248,36.0574870586395,58.4887946844101,"soft",49.2868309020996,1.34048736095428,47.9487572592767,-0.675616387751923,-11.8912702006372,10.5400374251334
"178",57.041601,-110.723684,607,53.8018731951714,42.8496564626694,64.7540899276734,"soft",59.7969093322754,-0.769538640975952,54.3350680918882,-0.533194896716878,-11.4854116292189,10.4190218357851
"179",54.278621,-110.328947,543,30.1886999845505,21.3793797969818,38.9980201721191,"soft",49.529224395752,1.55468010902405,69.3049217619815,-39.116221777431,-47.9255419649997,-30.3069015898623
"180",54.673332,-110.328947,594,32.6859115513973,23.5230456179008,41.8487774848938,"soft",55.8708381652832,1.05093657970428,56.9793316943383,-24.293420142941,-33.4562860764375,-15.1305542094445
"181",55.068044,-110.328947,724,42.0016060888767,30.8414240956306,53.1617880821228,"soft",49.6526374816895,0.933952569961548,39.2864297725001,2.71517631637666,-8.44500567686942,13.8753583096227
"182",55.462755,-110.328947,656,49.0967223644257,37.6312119483948,60.5622327804566,"soft",53.148681640625,0.677604913711548,47.4348602050909,1.66186215933482,-9.80364825669609,13.1273725753657
"183",55.857467,-110.328947,521,54.6718192577362,42.9351816177368,66.4084568977356,"soft",48.8566741943359,1.42166411876678,74.8000074974931,-20.1281882397569,-31.8648258797563,-8.39155059975751
"184",54.673332,-109.934211,618,36.9915231510997,26.8299606889486,47.1530856132508,"soft",57.3208389282227,1.04971587657928,52.418891232589,-15.4273680814893,-25.5889305436403,-5.26580561933822
"185",55.462755,-109.934211,696,51.5863474369049,39.8698421478271,63.3028527259827,"soft",51.1650199890137,0.991244256496429,42.4152152174415,9.17113221946344,-2.54537306961434,20.8876375085412
"186",55.857467,-109.934211,521,56.5662599086762,44.8801986694336,68.2523211479187,"soft",51.5628318786621,1.23176348209381,74.8000074974931,-18.2337475888169,-29.9198088280595,-6.54768634957438
"187",56.646889,-109.934211,509,64.6852140452713,52.622594743222,76.7478333473206,"soft",63.2001419067383,0.0420255027711391,77.9942729482206,-13.3090589029492,-25.3716782049986,-1.24643960089992
"188",57.041601,-109.934211,578,65.6778872013092,53.7236065864563,77.6321678161622,"soft",61.7799491882324,-0.49658939242363,60.6453122483501,5.03257495295913,-6.92170566189382,16.9868555678121
"189",57.436312,-109.934211,565,72.3627046823502,59.8474430561065,84.8779663085938,"soft",59.6540832519531,-0.628506720066071,63.8275970302264,8.53510765212379,-3.98015397411983,21.0503692783674
"190",55.462755,-109.539474,605,53.6447766304016,41.9262318611145,65.3633213996887,"soft",51.751335144043,1.41238677501678,54.7174650107867,-1.07268838038507,-12.7912331496722,10.645856388902
"191",55.857467,-109.539474,541,53.1690461158752,42.6029096603393,63.7351825714111,"soft",59.3236045837402,0.365308374166489,69.7939340019401,-16.6248878860649,-27.1910243416007,-6.058751430529
"192",57.041601,-109.539474,531,71.5141593933106,59.152544593811,83.8757741928101,"soft",61.4720458984375,-0.276415258646011,72.2306023958913,-0.716443002580718,-13.0780578020802,11.6451717969188
"193",57.436312,-109.539474,546,77.7814343214035,64.994361448288,90.568507194519,"soft",59.5815734863281,-0.47718021273613,68.5662619495306,9.21517237187285,-3.57190050124264,22.0022452449884
"194",55.462755,-109.144737,525,55.4013486862182,43.8051301956177,66.9975671768188,"soft",56.808952331543,1.43696367740631,73.7574637072184,-18.3561150210002,-29.9523335116008,-6.75989653039969
"195",55.462755,-107.171053,508,72.5167135715485,60.4593456268311,84.5740815162659,"soft",72.5448532104492,1.18204009532928,78.2622726602978,-5.7455590887493,-17.8029270334667,6.3118088559681
"196",54.278621,-106.776316,529,54.1656733512878,42.5118999481201,65.8194467544556,"soft",78.7170028686523,1.12010979652405,72.7338467964986,-18.5681734452108,-30.2219468483785,-6.91440004204304
"197",54.278621,-106.381579,610,57.5083552837372,45.8792806625366,69.1374299049378,"soft",73.5087280273438,1.71512115001678,53.780098448467,3.72825683527024,-7.90081778593034,15.3573314564708
"198",54.673332,-106.381579,585,64.4170941352844,52.5991527557373,76.2350355148316,"soft",76.2498474121094,1.02705156803131,58.9970116389195,5.42008249636491,-6.39785888318222,17.238023875912
"199",51.910353,-105.986842,517,24.6282200549147,15.0553498693509,34.2010902404785,"soft",79.4647903442383,1.85550200939178,75.85678544758,-51.2285653926653,-60.8014355782291,-41.6556952071015
"200",53.88391,-105.986842,581,51.7293632984161,40.5352619171143,62.923464679718,"soft",76.5465316772461,1.63093340396881,59.931721449428,-8.20235815101183,-19.3964595323137,2.99174323029006
"201",54.278621,-105.986842,563,59.3063501358032,47.7958475112915,70.8168527603149,"soft",74.1163635253906,1.87218499183655,64.3257120893914,-5.01936195358815,-16.5298645780999,6.49114067092356
"202",54.673332,-105.986842,524,67.3141411781311,55.4432880401611,79.1849943161011,"soft",71.197265625,1.57640862464905,74.0165085691938,-6.70236739106268,-18.5732205290327,5.16848574690729
"203",51.910353,-105.592105,549,25.6956092596054,15.5593576431274,35.8318608760834,"soft",79.4934768676758,1.65551018714905,67.8226207534361,-42.1270114938307,-52.2632631103086,-31.9907598773527
"204",53.88391,-105.592105,518,50.7848204135895,39.9383719444275,61.6312688827515,"soft",76.4700393676758,1.99930083751678,75.5915131406868,-24.8066927270973,-35.6531411962593,-13.9602442579353
"205",54.673332,-105.592105,500,69.0691182613373,57.1684616088867,80.9697749137879,"soft",75.4604034423828,1.67634356021881,80.3978225087144,-11.3287042473771,-23.2293608998277,0.571952405073503
"206",51.910353,-105.197368,540,29.335811829567,18.5012231826782,40.1704004764557,"soft",80.1853637695312,1.42780840396881,70.0372632864953,-40.7014514569283,-51.5360401038171,-29.8668628100396
"207",53.88391,-105.197368,535,49.1139251232147,38.7300909042359,59.4977593421936,"soft",73.868408203125,2.13776922225952,71.2441746540208,-22.1302495308061,-32.514083749785,-11.7464153118273
"208",54.278621,-105.197368,588,60.7649509429931,49.0890434265137,72.4408584594726,"soft",76.4889755249023,1.53225982189178,58.3102707461631,2.45468019683006,-9.2212273196494,14.1305877133095
"209",51.910353,-104.802632,537,33.2194627285004,22.2134711265564,44.2254543304443,"soft",78.8196716308594,2.21923089027405,70.7619496187785,-37.5424868902782,-48.5484784922221,-26.5364952883342
"210",53.88391,-104.802632,515,48.4429080247879,38.1807157039642,58.7051003456116,"soft",71.0241470336914,2.64244866371155,76.3890457576335,-27.9461377328456,-38.2083300536693,-17.6839454120219
"211",54.278621,-104.802632,615,60.2828114509582,48.4851696014404,72.0804533004761,"soft",73.1582336425781,1.92943596839905,52.9081186674907,7.37469278346759,-4.42294906605022,19.1723346329854
"212",54.673332,-104.802632,531,69.1214908599854,57.1695629119873,81.0734188079835,"soft",75.0854949951172,1.84976470470428,72.2306023958913,-3.1091115359059,-15.061039483904,8.84281641209218
"213",51.910353,-104.407895,510,35.6467442512512,24.8190655708313,46.4744229316711,"soft",80.6612243652344,1.95612871646881,77.7262829861798,-42.0795387349286,-52.9072174153485,-31.2518600545087
"214",52.305064,-104.407895,572,43.737632086873,32.8035459518432,54.6717182219028,"soft",78.3564758300781,1.48855865001678,62.0989937283609,-18.3613616414878,-29.2954477765176,-7.42727550645804
"215",54.278621,-104.407895,672,59.0264686584473,47.1979600906372,70.8549772262573,"soft",70.2350463867188,2.23119378089905,45.3863715893147,13.6400970691325,1.81158850132248,25.4686056369426
"216",54.673332,-104.407895,594,65.9936251163483,54.3712677001953,77.6159825325012,"soft",73.0542144775391,1.93818438053131,56.9793316943383,9.01429342200997,-2.60806399414301,20.6366508381629
